ID,Start time,Completion time,DATA PRIVACY,Program,Year Level,First Membership Join Date,Do you want to be a CSS Volunteer?
4,8/30/25 16:23:52,8/30/25 16:24:47,Proceed,Computer Science,1,8/30/2025,No
5,8/30/25 16:23:41,8/30/25 16:25:07,Proceed,Computer Science,1,8/30/2025,No
6,8/30/25 16:24:41,8/30/25 16:25:56,Proceed,Computer Science,1,8/30/2025,No
7,8/30/25 16:24:39,8/30/25 16:26:29,Proceed,Information Technology,1,8/30/2025,Yes
8,8/30/25 16:25:44,8/30/25 16:26:49,Proceed,Information Technology,1,8/30/2025,No
9,8/30/25 16:26:17,8/30/25 16:27:26,Proceed,Computer Science,3,8/30/2025,No
10,8/30/25 16:26:32,8/30/25 16:29:01,Proceed,Computer Science,1,8/30/2025,No
11,8/30/25 16:27:33,8/30/25 16:30:27,Proceed,Information Technology,1,8/23/2025,No
12,8/30/25 16:34:23,8/30/25 16:36:42,Proceed,Information Technology,2,8/30/2024,Yes
13,8/30/25 16:37:06,8/30/25 16:38:44,Proceed,Computer Science,1,8/30/2025,No
14,8/30/25 16:35:36,8/30/25 16:39:06,Proceed,Computer Science,1,8/30/2025,No
15,8/30/25 16:42:06,8/30/25 16:43:33,Proceed,Computer Science,3,8/14/2023,No
16,8/30/25 16:51:01,8/30/25 16:53:28,Proceed,Information Technology,2,8/5/2024,Yes
17,8/30/25 17:10:21,8/30/25 17:11:40,Proceed,Computer Science,1,8/30/2025,No
18,8/30/25 17:31:22,8/30/25 17:33:03,Proceed,Information Technology,2,8/12/2024,No
19,8/30/25 17:32:17,8/30/25 17:35:22,Proceed,Computer Science,1,8/30/2025,Yes
20,8/30/25 18:03:13,8/30/25 18:04:26,Proceed,Computer Science,1,8/30/2025,No
21,8/30/25 18:03:48,8/30/25 18:05:14,Proceed,Computer Science,2,8/23/2024,No
22,8/30/25 18:10:04,8/30/25 18:11:49,Proceed,Computer Science,2,8/30/2024,No
23,8/30/25 19:11:43,8/30/25 19:12:38,Proceed,Computer Science,1,8/30/2025,No
24,8/30/25 19:23:52,8/30/25 19:25:31,Proceed,Information Technology,2,8/30/2024,No
25,8/30/25 19:54:56,8/30/25 19:57:32,Proceed,Computer Science,2,2/8/2024,No
26,8/30/25 20:00:04,8/30/25 20:01:27,Proceed,Information Technology,2,8/1/2024,No
27,8/30/25 20:06:52,8/30/25 20:10:17,Proceed,Computer Science,1,8/30/2025,Yes
28,8/30/25 20:45:32,8/30/25 20:48:45,Proceed,Information Technology,2,8/20/2024,No
29,8/30/25 20:52:47,8/30/25 20:54:45,Proceed,Computer Science,4,8/1/2022,No
30,8/30/25 23:02:27,8/30/25 23:04:50,Proceed,Computer Science,1,8/23/2025,Yes
31,8/30/25 23:19:22,8/30/25 23:39:43,Proceed,Information Technology,1,8/30/2025,Yes
32,8/31/25 1:17:46,8/31/25 1:18:38,Proceed,Computer Science,1,8/31/2025,Yes
33,8/31/25 10:14:36,8/31/25 10:18:42,Proceed,Computer Science,1,8/31/2025,No
34,8/31/25 11:50:30,8/31/25 11:51:19,Proceed,Information Technology,1,8/31/2025,Yes
35,8/31/25 12:53:07,8/31/25 13:03:29,Proceed,Computer Science,3,11/1/2023,Yes
36,8/31/25 13:38:06,8/31/25 13:40:33,Proceed,Computer Science,1,8/31/2025,No
37,8/31/25 14:28:31,8/31/25 14:30:15,Proceed,Information Technology,1,8/31/2025,No
38,8/31/25 19:10:46,8/31/25 19:12:20,Proceed,Computer Science,2,8/31/2025,No
39,8/31/25 19:45:55,8/31/25 19:54:34,Proceed,Computer Science,2,8/31/2025,Yes
40,8/31/25 20:59:48,8/31/25 21:01:38,Proceed,Information Technology,2,8/27/2025,No
41,8/31/25 21:01:40,8/31/25 21:03:06,Proceed,Information Technology,2,8/12/2024,No
42,8/31/25 21:33:15,8/31/25 21:35:14,Proceed,Computer Science,2,8/31/2025,Yes
43,8/31/25 21:45:44,8/31/25 21:47:47,Proceed,Computer Science,1,8/31/2025,No
44,9/1/25 8:03:25,9/1/25 8:04:51,Proceed,Information Technology,3,8/22/2025,Yes
45,9/1/25 15:06:49,9/1/25 15:08:33,Proceed,Computer Science,1,9/1/2025,No
46,9/1/25 23:32:29,9/1/25 23:35:52,Proceed,Computer Science,2,9/1/2025,Yes
47,9/1/25 23:45:17,9/1/25 23:46:56,Proceed,Computer Science,2,8/8/2024,No
48,9/2/25 5:34:01,9/2/25 5:35:55,Proceed,Computer Science,2,8/28/2024,No
49,9/3/25 10:18:58,9/3/25 10:20:11,Proceed,Computer Science,2,9/3/2025,No
50,9/4/25 1:16:29,9/4/25 1:18:13,Proceed,Information Technology,1,9/4/2025,No
51,9/4/25 12:00:34,9/4/25 12:03:24,Proceed,Information Technology,3,10/1/2023,No
52,9/4/25 19:19:09,9/4/25 19:21:46,Proceed,Information Technology,2,11/22/2005,No
53,9/5/25 15:35:49,9/5/25 15:37:32,Proceed,Computer Science,1,9/5/2025,Yes
54,9/5/25 18:29:51,9/5/25 18:31:21,Proceed,Computer Science,4,9/5/2025,No
55,9/7/25 22:26:54,9/7/25 22:28:12,Proceed,Information Technology,1,8/4/2006,Yes
56,9/8/25 5:58:26,9/8/25 5:59:40,Proceed,Information Technology,2,9/8/2025,No
57,9/10/25 4:51:52,9/10/25 4:54:16,Proceed,Computer Science,1,8/29/2025,No
58,9/17/25 8:13:04,9/17/25 8:14:27,Proceed,Information Technology,1,9/17/2025,Yes
59,9/18/25 12:54:43,9/18/25 12:55:17,Proceed,Information Technology,1,8/22/2025,No
60,9/18/25 15:27:10,9/18/25 15:28:31,Proceed,Computer Science,1,8/30/2025,Yes
61,9/20/25 17:45:45,9/20/25 17:47:40,Proceed,Information Technology,4,8/20/2024,No
62,11/1/25 23:58:35,11/2/25 0:00:42,Proceed,Information Technology,3,8/30/2025,No
63,11/2/25 0:03:36,11/2/25 0:05:59,Proceed,Information Technology,2,9/19/2024,No
64,11/2/25 0:11:39,11/2/25 0:12:52,Proceed,Information Technology,3,9/24/2024,No
65,11/2/25 0:23:35,11/2/25 0:25:50,Proceed,Information Technology,2,11/2/2025,No
66,11/2/25 0:27:41,11/2/25 0:29:37,Proceed,Computer Science,1,11/2/2025,No
67,11/2/25 1:08:02,11/2/25 1:09:19,Proceed,Computer Science,1,11/2/2025,No
68,11/2/25 9:01:01,11/2/25 9:06:36,Proceed,Computer Science,1,8/25/2025,Yes
69,11/2/25 10:50:54,11/2/25 10:52:40,Proceed,Computer Science,1,11/2/2025,Yes
70,11/2/25 15:48:34,11/2/25 15:50:17,Proceed,Computer Science,1,11/2/2025,Yes
71,11/2/25 20:54:01,11/2/25 20:57:37,Proceed,Information Technology,2,6/1/2024,Yes
72,11/10/25 6:10:27,11/10/25 6:12:22,Proceed,Information Technology,2,11/10/2025,No
73,12/1/25 19:48:05,12/1/25 20:01:38,Proceed,Information Technology,3,8/24/2023,Yes
74,12/1/25 20:43:21,12/1/25 20:47:19,Proceed,Computer Science,2,8/26/2024,Yes
75,12/1/25 20:48:07,12/1/25 20:49:36,Proceed,Computer Science,1,12/1/2025,Yes
76,12/1/25 20:51:42,12/1/25 20:53:05,Proceed,Information Technology,3,8/17/2023,Yes
77,12/1/25 20:44:20,12/1/25 20:55:33,Proceed,Information Technology,2,9/13/2025,Yes
78,12/1/25 20:51:49,12/1/25 20:56:13,Proceed,Information Technology,2,9/13/2025,Yes
79,12/1/25 20:54:42,12/1/25 21:02:51,Proceed,Computer Science,2,9/15/2025,Yes
80,12/1/25 21:02:39,12/1/25 21:04:38,Proceed,Information Technology,2,9/13/2025,Yes
81,12/1/25 21:06:32,12/1/25 21:07:57,Proceed,Information Technology,2,8/19/2024,Yes
82,12/1/25 21:46:06,12/1/25 21:48:04,Proceed,Information Technology,1,8/14/2025,Yes
83,12/1/25 22:16:19,12/1/25 22:18:07,Proceed,Computer Science,1,12/1/2025,No
84,12/2/25 22:55:28,12/2/25 22:56:36,Proceed,Information Technology,3,12/2/2025,Yes
85,12/2/25 22:59:38,12/2/25 23:00:33,Proceed,Information Technology,1,8/1/2025,Yes
86,12/2/25 23:28:50,12/2/25 23:31:03,Proceed,Computer Science,2,12/2/2025,No
87,12/3/25 0:18:58,12/3/25 0:20:19,Proceed,Information Technology,2,12/3/2025,Yes
88,12/3/25 7:09:57,12/3/25 7:11:08,Proceed,Information Technology,1,12/3/2025,Yes
89,12/3/25 7:53:05,12/3/25 7:54:07,Proceed,Computer Science,3,8/20/2023,No
90,12/3/25 10:49:44,12/3/25 10:51:02,Proceed,Information Technology,1,8/4/2025,Yes
91,12/3/25 10:57:33,12/3/25 10:59:24,Proceed,Computer Science,1,12/3/2025,No
92,12/3/25 11:10:14,12/3/25 11:15:25,Proceed,Information Technology,2,12/3/2025,Yes
93,12/3/25 11:27:43,12/3/25 11:29:02,Proceed,Computer Science,1,12/3/2025,No
94,12/3/25 11:45:02,12/3/25 11:48:17,Proceed,Information Technology,2,8/20/2024,No
95,12/3/25 15:03:43,12/3/25 15:05:07,Proceed,Information Technology,1,12/3/2025,No
96,12/3/25 15:19:46,12/3/25 15:22:41,Proceed,Information Technology,1,12/3/2025,No
97,12/3/25 16:50:32,12/3/25 16:54:24,Proceed,Information Technology,1,9/20/2025,No
98,12/3/25 17:59:58,12/3/25 18:06:56,Proceed,Information Technology,2,8/20/2024,Yes
99,12/3/25 19:51:48,12/3/25 19:53:16,Proceed,Information Technology,1,7/31/2025,Yes
100,12/20/25 17:50:49,12/20/25 17:52:26,Proceed,Computer Science,1,12/20/2025,No
101,3/6/26 3:08:57,3/6/26 3:11:10,Proceed,Information Technology,1,3/6/2026,Yes
