"ï»¿""CSS Member ID""",Program,Year,CSS Volunteer,Member Since,Rejoined On,Approved,Remarks,Sequence
bdf03cd0,Information Technology,1,False,8/7/2025,8/7/2025,True,,1
ad5eeb00,Computer Science,3,False,8/1/2023,8/7/2025,True,,1
d2e4da9b,Information Technology,3,True,8/1/2024,8/7/2025,True,,1
de999d08,Information Technology,2,False,8/20/2024,8/7/2025,True,,1
0847b32a,Information Technology,2,True,8/12/2024,8/7/2025,True,,1
4d7a7b61,Information Technology,3,True,8/12/2024,8/10/2025,True,,1
f701d1ab,Information Technology,1,True,8/8/2025,8/10/2025,True,,1
429ba724,Information Technology,1,True,8/8/2025,8/10/2025,True,,1
36473fba,Information Technology,1,False,8/9/2025,8/10/2025,True,,1
f7000a84,Computer Science,1,True,8/9/2025,8/10/2025,True,,1
1a61f772,Information Technology,2,False,10/19/2006,8/10/2025,True,,1
bf23cb7e,Computer Science,1,True,8/10/2025,8/10/2025,True,,1
8d8a40e0,Computer Science,1,False,8/10/2025,8/10/2025,True,,1
68721957,Information Technology,2,False,8/31/2024,8/10/2025,True,,1
5aac9351,Computer Science,1,True,8/10/2025,8/10/2025,True,,1
16c4f77f,Computer Science,2,True,8/22/2024,8/10/2025,True,,1
29e3fbd9,Information Technology,1,True,8/9/2025,8/11/2025,True,,1
1a10f5cb,Information Technology,3,False,8/12/2024,8/11/2025,True,,1
8dac7e8f,Information Technology,2,True,8/7/2024,8/11/2025,True,,1
00a9beae,Information Technology,2,True,8/11/2025,8/11/2025,True,,1
89d8ea1a,Computer Science,1,False,8/11/2025,8/11/2025,True,,1
2be778de,Information Technology,1,False,8/11/2025,8/11/2025,True,,1
11f67cc4,Information Technology,1,True,8/11/2025,8/11/2025,True,,1
b8f46980,Information Technology,1,True,8/11/2025,8/11/2025,True,,1
1e3a85db,Computer Science,1,False,8/11/2025,8/11/2025,True,,2
6b306c5d,Computer Science,1,True,8/11/2025,8/11/2025,True,,1
12b028dd,Computer Science,1,False,8/11/2025,8/11/2025,True,,1
09044704,Computer Science,1,False,8/11/2025,8/11/2025,True,,1
3cc6c9d6,Computer Science,3,True,8/11/2025,8/11/2025,True,,1
cb5a32e9,Computer Science,3,False,1/1/2023,8/11/2025,True,,1
ded05829,Computer Science,4,True,3/1/2023,8/11/2025,True,,1
8ac9a74a,Information Technology,1,False,11/3/2006,8/12/2025,True,,2
ced226ad,Information Technology,1,True,8/11/2025,8/11/2025,True,,1
c45063f4,Information Technology,2,False,8/11/2025,8/11/2025,True,,1
7071dad0,Information Technology,1,True,8/11/2025,8/11/2025,True,,1
c9779536,Information Technology,2,False,8/11/2025,8/11/2025,True,,1
388c87c5,Computer Science,1,False,8/11/2025,8/11/2025,True,,1
140b34a0,Computer Science,1,False,8/11/2025,8/11/2025,True,,1
fd62b95f,Computer Science,1,False,8/11/2025,8/11/2025,True,,1
c928da52,Computer Science,1,False,12/11/2006,8/12/2025,True,,1
f2147695,Information Technology,3,False,8/1/2023,8/11/2025,True,,1
c6c16ac3,Information Technology,1,True,8/11/2025,8/12/2025,True,,1
ba033e5e,Computer Science,1,True,8/12/2025,8/12/2025,True,,1
027e1425,Information Technology,2,True,7/16/2025,8/12/2025,True,,1
2596e21c,Computer Science,1,False,8/12/2025,8/12/2025,True,,1
ba2675d2,Computer Science,1,False,8/12/2025,8/12/2025,True,,1
54192a39,Information Technology,4,False,8/7/2024,8/12/2025,True,,1
530df95a,Information Technology,3,False,8/17/2023,8/12/2025,True,,1
6338c740,Computer Science,1,True,8/12/2025,8/12/2025,True,,1
720d4fc0,Computer Science,1,True,8/12/2025,8/12/2025,True,,1
836b81a2,Computer Science,2,False,8/12/2025,8/12/2025,True,Invalid CSS Code,1
a12eee51,Computer Science,2,False,8/12/2025,8/13/2025,True,,1
1e9b685c,Information Technology,2,True,8/12/2025,8/12/2025,True,,1
4f61fc8f,Information Technology,2,False,8/12/2025,8/12/2025,True,,1
b07e1647,Information Technology,1,True,8/11/2025,8/12/2025,True,,1
35e993b5,Computer Science,2,False,8/7/2024,8/12/2025,True,,1
59d1ee8e,Information Technology,2,False,8/12/2025,8/12/2025,True,,1
79b61ddd,Computer Science,2,False,8/12/2025,8/12/2025,True,,1
e21901b2,Computer Science,1,False,8/12/2025,8/12/2025,True,,1
2bb95830,Computer Science,1,False,8/12/2025,8/13/2025,True,,1
e5399c93,Computer Science,1,True,8/12/2025,8/12/2025,True,,1
59fd4af9,Computer Science,1,True,8/12/2025,8/12/2025,True,,1
7f5c4aba,Computer Science,1,True,8/12/2025,8/12/2025,True,,1
4e4dc03b,Computer Science,1,False,8/12/2025,8/12/2025,True,,1
699c6fa8,Computer Science,1,True,8/12/2025,8/12/2025,True,,1
ece4bb30,Information Technology,3,True,8/12/2025,8/13/2025,True,,1
193c8468,Information Technology,3,True,8/12/2025,8/13/2025,True,,1
2c95011c,Information Technology,2,False,9/1/2024,8/13/2025,True,,1
9287921a,Computer Science,1,False,8/12/2025,8/13/2025,True,,1
e1619008,Information Technology,2,True,8/5/2024,8/13/2025,True,,1
534c6394,Computer Science,1,False,8/13/2025,8/13/2025,True,,1
e56fcea7,Information Technology,2,False,8/16/2024,8/13/2025,True,,1
102a52c1,Computer Science,2,True,8/24/2023,8/13/2025,True,,1
276ab51e,Computer Science,1,True,8/13/2025,8/13/2025,True,,1
ea6fde03,Computer Science,1,True,8/13/2025,8/13/2025,True,,1
dbb5fbc1,Information Technology,2,False,8/13/2024,8/13/2025,True,,1
3b969ea0,Computer Science,3,False,8/8/2023,8/13/2025,True,,1
1722a866,Information Technology,1,True,8/13/2025,8/13/2025,True,,1
99a11580,Computer Science,1,True,8/13/2025,8/13/2025,True,,1
8ca4d55c,Computer Science,1,True,8/13/2025,8/13/2025,True,,1
e52e943b,Computer Science,1,True,8/13/2025,8/13/2025,True,,1
3ac0646a,Computer Science,1,True,8/13/2025,8/13/2025,True,,1
24ac5120,Information Technology,1,True,8/13/2025,8/13/2025,True,,1
3bb0d4a9,Information Technology,2,False,8/12/2024,8/13/2025,True,,1
77329b37,Information Technology,1,True,8/13/2025,8/13/2025,True,,1
e050e60b,Information Technology,1,True,8/13/2025,8/13/2025,True,,1
5be8e108,Information Technology,1,True,8/13/2025,8/13/2025,True,,1
40cf1734,Information Technology,1,False,8/13/2025,8/13/2025,True,,1
9c33d071,Information Technology,2,False,9/10/2025,8/13/2025,True,,1
8d76c4e3,Information Technology,1,False,8/13/2025,8/13/2025,True,,1
95486f14,Information Technology,1,False,8/13/2025,8/13/2025,True,,1
50adb186,Information Technology,1,False,8/13/2025,8/13/2025,True,,1
20b21b10,Information Technology,2,False,8/15/2024,8/13/2025,True,,1
6e3ea4f8,Information Technology,1,True,8/11/2025,8/13/2025,True,,1
359372f7,Information Technology,1,True,8/13/2025,8/13/2025,True,,1
8fe9c530,Computer Science,1,False,8/13/2025,8/13/2025,True,,1
aaccf467,Computer Science,1,False,8/13/2025,8/13/2025,True,,3
887dce99,Information Technology,2,True,8/13/2025,8/13/2025,True,,1
87253c84,Information Technology,1,False,8/9/2025,8/13/2025,True,,1
d064c143,Information Technology,3,False,8/13/2025,8/13/2025,True,,1
2c6725a7,Information Technology,1,True,8/13/2025,8/13/2025,True,,1
09d3e4af,Information Technology,1,False,8/13/2025,8/13/2025,True,,1
f6cefe25,Information Technology,1,False,8/13/2025,8/13/2025,True,,1
a6507e37,Information Technology,4,False,8/19/2023,8/13/2025,True,,1
a2092294,Computer Science,4,False,8/13/2025,8/13/2025,True,,1
ef13b92a,Computer Science,3,False,8/14/2024,8/13/2025,True,,1
d92a997c,Information Technology,2,False,8/1/2024,8/13/2025,True,,1
1b834221,Computer Science,4,False,8/16/2024,8/13/2025,True,,1
641e4ed5,Information Technology,2,True,8/13/2025,8/14/2025,True,,1
17522658,Information Technology,3,True,8/14/2025,8/14/2025,True,,1
44d930fd,Information Technology,1,False,8/14/2025,8/14/2025,True,,1
a574e659,Computer Science,1,False,8/14/2025,8/14/2025,True,,1
cd562d07,Information Technology,1,False,8/13/2025,8/14/2025,True,,1
525d9099,Information Technology,1,True,8/14/2025,8/14/2025,True,,1
816ab69c,Computer Science,1,True,8/14/2025,8/14/2025,True,,1
df95926e,Computer Science,4,False,9/4/2023,8/14/2025,True,,1
c389ebb1,Computer Science,2,False,8/22/2024,8/14/2025,True,,1
9593c262,Information Technology,3,False,8/15/2025,8/14/2025,True,,1
d54510dc,Information Technology,2,False,8/14/2024,8/14/2025,True,,1
7c8d4fa6,Information Technology,1,True,8/14/2025,8/14/2025,True,,1
e73e73ea,Information Technology,1,False,8/15/2025,8/15/2025,True,,1
0aabdfe6,Computer Science,1,False,8/13/2025,8/25/2025,True,,1
4e89723e,Computer Science,1,False,8/30/2025,8/30/2025,True,,1
3d2ddad2,Computer Science,1,False,8/30/2025,8/30/2025,True,,1
92d687e9,Computer Science,1,False,8/30/2025,8/30/2025,True,,1
7cade40a,Information Technology,1,True,8/30/2025,8/30/2025,True,,1
12cb37bd,Information Technology,1,False,8/30/2025,8/30/2025,True,,1
cc4f868a,Computer Science,3,False,8/30/2025,8/30/2025,True,,1
b009cf3f,Computer Science,1,False,8/30/2025,8/30/2025,True,,1
aebd0803,Information Technology,1,False,8/23/2025,8/30/2025,True,,1
e87c44a6,Information Technology,2,True,8/30/2024,8/30/2025,True,,1
7dc8a622,Computer Science,1,False,8/30/2025,8/30/2025,True,,1
c8c1c8d7,Computer Science,1,False,8/30/2025,8/30/2025,True,,1
145160f6,Computer Science,3,False,8/14/2023,8/30/2025,True,,1
b781e4e5,Information Technology,2,True,8/5/2024,8/30/2025,True,,1
d2014d5f,Computer Science,1,False,8/30/2025,8/30/2025,True,,1
78dc6846,Information Technology,2,False,8/12/2024,8/30/2025,True,,1
34b95e6a,Computer Science,1,True,8/30/2025,8/30/2025,True,,1
f82378a3,Computer Science,1,False,8/30/2025,8/30/2025,True,,1
2a69bf40,Computer Science,2,False,8/23/2024,8/30/2025,True,,1
b26654f0,Computer Science,2,False,8/30/2024,8/30/2025,True,,1
9773fba7,Computer Science,1,False,8/30/2025,8/30/2025,True,,1
b18d79ef,Information Technology,2,False,8/30/2024,8/30/2025,True,,1
e39bae5b,Computer Science,2,False,2/8/2024,8/30/2025,True,,1
bdec945f,Information Technology,2,False,8/1/2024,8/30/2025,True,,1
93fb0532,Computer Science,1,True,8/30/2025,8/30/2025,True,,1
3df9bcb7,Information Technology,2,False,8/20/2024,8/30/2025,True,,1
0846123d,Computer Science,4,False,8/1/2022,8/30/2025,True,,1
2b9a68a8,Computer Science,1,True,8/23/2025,8/30/2025,True,,1
0672a93f,Information Technology,1,True,8/30/2025,8/30/2025,True,,1
e4f2fe5b,Computer Science,1,True,8/31/2025,8/30/2025,True,,1
6f7efe9d,Computer Science,1,False,8/31/2025,8/31/2025,True,,1
5df301ba,Information Technology,1,True,8/31/2025,8/31/2025,True,,1
ef92662a,Computer Science,3,True,11/1/2023,8/31/2025,True,,1
f00b584a,Computer Science,1,False,8/31/2025,8/31/2025,True,,1
fcc40dc3,Information Technology,1,False,8/31/2025,8/31/2025,True,,1
fb24e617,Computer Science,2,False,8/31/2025,8/31/2025,True,,1
941e391b,Computer Science,2,True,8/31/2025,8/31/2025,True,,1
be89f309,Information Technology,2,False,8/27/2025,8/31/2025,True,,1
c908d90f,Information Technology,2,False,8/12/2024,8/31/2025,True,,1
fe19ef16,Computer Science,2,True,8/31/2025,8/31/2025,True,,1
0828eb77,Computer Science,1,False,8/31/2025,8/31/2025,True,,1
e1b3d6c7,Information Technology,3,True,8/22/2025,9/1/2025,True,,1
ee7ff1a9,Computer Science,1,False,9/1/2025,9/1/2025,True,,1
e4d46b76,Computer Science,2,True,9/1/2025,9/1/2025,True,,1
7efaacd3,Computer Science,2,False,8/8/2024,9/1/2025,True,,1
b5e10dc7,Computer Science,2,False,8/28/2024,9/1/2025,True,,1
21b94cc3,Computer Science,2,False,9/3/2025,9/3/2025,True,,1
c4840dbb,Information Technology,1,False,9/4/2025,9/3/2025,True,,1
2a458762,Information Technology,3,False,10/1/2023,9/4/2025,True,,1
11bc4229,Information Technology,2,False,11/22/2005,9/4/2025,True,,1
8d75b091,Computer Science,1,True,9/5/2025,9/5/2025,True,,1
81be7822,Computer Science,4,False,9/5/2025,9/5/2025,True,,1
4812cc2f,Information Technology,2,False,9/7/2025,9/16/2025,True,,1
056e3033,Information Technology,1,True,8/4/2006,9/7/2025,True,,1
a113e7f5,Information Technology,2,False,9/8/2025,9/9/2025,True,,1
a4e64786,Information Technology,2,False,9/8/2024,9/16/2025,True,,1
0afcea9b,Computer Science,1,False,8/29/2025,9/10/2025,True,,1
bbe2a845,Information Technology,1,False,9/14/2025,9/16/2025,True,,1
1d29ce13,Computer Science,1,False,9/14/2025,9/16/2025,True,,1
b49ba24e,Information Technology,3,False,9/16/2025,9/16/2025,True,,1
4736d16b,Information Technology,1,False,9/16/2025,9/16/2025,True,,1
87cddef6,Information Technology,2,False,9/16/2025,9/16/2025,True,,1
0d19042f,Information Technology,1,True,9/17/2025,9/17/2025,True,,1
2bda8027,Information Technology,1,False,8/22/2025,9/18/2025,True,,1
2ca74c06,Computer Science,1,True,8/30/2025,9/18/2025,True,,1
e8c6bc14,Information Technology,1,False,9/20/2025,9/29/2025,True,,1
aa9d550e,Information Technology,4,False,8/20/2024,9/20/2025,True,,1
39583bd7,Information Technology,1,False,9/20/2025,9/29/2025,True,,1
59ca4738,Information Technology,1,False,10/1/2025,10/2/2025,True,,1
9c3e3331,Information Technology,1,False,10/2/2025,10/2/2025,True,,1
069d36fb,Computer Science,1,False,10/3/2025,10/3/2025,True,,1
eb1f0968,Information Technology,3,False,8/30/2025,11/1/2025,True,,1
dab0852e,Information Technology,2,False,9/19/2024,11/1/2025,True,,1
c63eab94,Information Technology,3,False,9/24/2024,11/1/2025,True,,1
6ade2784,Information Technology,2,False,11/2/2025,11/1/2025,True,,1
18c83115,Computer Science,1,False,11/2/2025,11/1/2025,True,,1
329f7956,Computer Science,1,False,11/2/2025,11/1/2025,True,,1
8eb75533,Computer Science,1,True,8/25/2025,11/2/2025,True,,1
af61adee,Computer Science,1,True,11/2/2025,11/2/2025,True,,1
400d00e8,Computer Science,1,True,11/2/2025,11/2/2025,True,,1
49af0198,Information Technology,2,True,6/1/2024,11/2/2025,True,,1
1baa124c,Information Technology,2,False,11/10/2025,11/12/2025,True,,1
5c1d30f6,Information Technology,3,True,8/24/2023,12/1/2025,True,,1
14df1e61,Computer Science,2,True,8/26/2024,12/1/2025,True,,1
109edcaf,Computer Science,1,True,12/1/2025,12/1/2025,True,,1
21108839,Information Technology,3,True,8/17/2023,12/1/2025,True,,1
57b55569,Information Technology,2,False,9/13/2025,12/1/2025,True,,0
b45456b8,Information Technology,2,True,9/13/2025,12/1/2025,True,,1
0f1163fe,Computer Science,2,True,9/15/2025,12/1/2025,True,,1
fde6c210,Information Technology,2,True,9/13/2025,12/1/2025,True,,1
4086bae0,Information Technology,2,True,8/19/2024,12/1/2025,True,,1
8451a250,Information Technology,1,True,8/14/2025,12/1/2025,True,,1
b2f58803,Computer Science,1,False,12/1/2025,12/1/2025,True,,1
22b3c5c6,Information Technology,3,True,12/2/2025,12/2/2025,True,,1
922bb5c4,Information Technology,1,True,8/1/2025,12/2/2025,True,,1
73a895d0,Computer Science,2,False,12/2/2025,12/2/2025,True,,1
823d29ed,Information Technology,2,True,12/3/2025,12/2/2025,True,,1
a3a24d41,Information Technology,1,True,12/3/2025,12/3/2025,True,,1
fc4c6d9f,Information Technology,1,True,8/4/2025,12/3/2025,True,,1
328cf471,Computer Science,1,False,12/3/2025,12/3/2025,True,,1
262a58ac,Information Technology,2,True,12/3/2025,12/3/2025,True,,1
8ccff84f,Computer Science,1,False,12/3/2025,12/3/2025,True,,1
776297b7,Information Technology,2,False,8/20/2024,12/3/2025,True,,1
566b331d,Information Technology,1,False,12/3/2025,12/3/2025,True,,1
e08ea427,Information Technology,1,False,12/3/2025,12/3/2025,True,,1
14ab6116,Information Technology,1,False,9/20/2025,12/3/2025,True,,1
a8f0f1fe,Information Technology,2,True,8/20/2024,12/3/2025,True,,1
65c5d9da,Information Technology,1,True,7/31/2025,12/3/2025,True,,1
7ff2953f,Computer Science,1,False,12/20/2025,12/22/2025,True,,1
8f766898,Information Technology,1,False,3/6/2026,3/6/2026,True,,2
