ID,Start time,Completion time,DATA PRIVACY,Program,Year Level,First Membership Join Date,Payment Method,CSS Code,Receipt Number
35,8/7/25 13:13:43,8/7/25 13:18:00,Proceed,Information Technology,1.0,8/7/2025,GCash (Online),,0031429844237
36,8/7/25 15:27:24,8/7/25 15:29:40,Proceed,Computer Science,3.0,8/1/2023,GCash (Online),,0031433686050
37,8/7/25 15:44:49,8/7/25 15:47:34,Proceed,Information Technology,3.0,8/1/2024,GCash (Online),,9031 434 186058
38,8/7/25 15:54:46,8/7/25 15:56:40,Proceed,Information Technology,2.0,8/20/2024,GCash (Online),,2031 434 400032
39,8/7/25 19:01:40,8/7/25 19:19:34,Proceed,Information Technology,2.0,8/12/2024,GCash (Online),,4031441455353
40,8/8/25 17:19:27,8/8/25 17:24:13,Proceed,Information Technology,3.0,8/12/2024,GCash (Online),,5031469790938
41,8/8/25 18:31:10,8/8/25 18:44:44,Proceed,Information Technology,1.0,8/8/2025,GCash (Online),,7031472569168 | 7031472647565
42,8/8/25 19:01:13,8/8/25 19:02:50,Proceed,Information Technology,1.0,8/8/2025,GCash (Online),,9031473202312
43,8/9/25 12:20:14,8/9/25 13:04:12,Proceed,Information Technology,1.0,8/9/2025,GCash (Online),,7031 494 434095
44,8/9/25 21:34:43,8/9/25 21:38:44,Proceed,Computer Science,1.0,8/9/2025,GCash (Online),,6031511980973
45,8/9/25 23:34:52,8/9/25 23:39:23,Proceed,Information Technology,2.0,10/19/2006,GCash (Online),,0031 514 848842
46,8/10/25 0:18:16,8/10/25 0:45:49,Proceed,Computer Science,1.0,8/10/2025,GCash (Online),,2031 515 842548
47,8/10/25 7:41:20,8/10/25 7:52:08,Proceed,Computer Science,1.0,8/10/2025,GCash (Online),,6031519355002
48,8/10/25 9:08:59,8/10/25 9:12:55,Proceed,Information Technology,2.0,8/31/2024,GCash (Online),,3031521054125
49,8/10/25 19:40:02,8/10/25 19:42:28,Proceed,Computer Science,1.0,8/10/2025,GCash (Online),,2031 539 818393
50,8/10/25 19:59:51,8/10/25 20:03:46,Proceed,Computer Science,2.0,8/22/2024,GCash (Online),,0031541378444
53,8/11/25 13:45:03,8/11/25 13:46:04,Proceed,Information Technology,1.0,8/9/2025,Cash (On-site),Day1: WelcomeBack,
54,8/11/25 14:12:19,8/11/25 14:18:44,Proceed,Information Technology,3.0,8/12/2024,GCash (Online),,7031 562 305691
55,8/11/25 14:24:53,8/11/25 14:26:53,Proceed,Information Technology,2.0,8/7/2024,Cash (On-site),Day1: WelcomeBack,
56,8/11/25 14:25:07,8/11/25 14:27:06,Proceed,Information Technology,2.0,8/11/2025,Cash (On-site),Day1: WelcomeBack,
57,8/11/25 14:34:37,8/11/25 14:37:31,Proceed,Computer Science,1.0,8/11/2025,Cash (On-site),Day1: WelcomeBack,
58,8/11/25 14:35:25,8/11/25 14:38:07,Proceed,Information Technology,1.0,8/11/2025,Cash (On-site),Day1: WelcomeBack,
59,8/11/25 15:15:55,8/11/25 15:17:25,Proceed,Information Technology,1.0,8/11/2025,Cash (On-site),Day1: WelcomeBack,
60,8/11/25 15:15:42,8/11/25 15:17:41,Proceed,Information Technology,1.0,8/11/2025,Cash (On-site),Day1: WelcomeBack,
61,8/11/25 15:18:04,8/11/25 15:22:15,Proceed,Computer Science,1.0,8/11/2025,Cash (On-site),Day1: WelcomeBack,
62,8/11/25 15:15:25,8/11/25 15:23:16,Proceed,Computer Science,1.0,8/11/2025,Cash (On-site),Day1: WelcomeBack,
63,8/11/25 15:24:50,8/11/25 15:26:06,Proceed,Computer Science,1.0,8/11/2025,Cash (On-site),Day1: WelcomeBack,
64,8/11/25 15:21:00,8/11/25 15:26:25,Proceed,Computer Science,1.0,8/11/2025,GCash (Online),,7031 564 449297
65,8/11/25 15:25:26,8/11/25 15:31:31,Proceed,Computer Science,3.0,8/11/2025,GCash (Online),,7031 564 628681
66,8/11/25 15:32:42,8/11/25 15:36:19,Proceed,Computer Science,3.0,1/1/2023,GCash (Online),,7031 564 779869
67,8/11/25 16:23:32,8/11/25 16:27:07,Proceed,Computer Science,4.0,3/1/2023,Cash (On-site),Day1: WelcomeBack,
68,8/11/25 16:39:55,8/11/25 16:43:49,Proceed,Information Technology,1.0,11/3/2006,GCash (Online),,0031 566 931023
69,8/11/25 16:45:20,8/11/25 16:49:22,Proceed,Information Technology,1.0,8/11/2025,Cash (On-site),Day1: WelcomeBack,
70,8/11/25 16:48:04,8/11/25 16:49:50,Proceed,Information Technology,1.0,8/11/2025,GCash (Online),,0031 566 931023
71,8/11/25 16:49:36,8/11/25 16:51:03,Proceed,Information Technology,2.0,8/11/2025,Cash (On-site),Day1: WelcomeBack,
72,8/11/25 17:27:42,8/11/25 17:32:15,Proceed,Information Technology,1.0,8/11/2025,GCash (Online),,6031568581984
73,8/11/25 18:47:23,8/11/25 18:51:36,Proceed,Information Technology,2.0,8/11/2025,GCash (Online),,4031571500303
74,8/11/25 19:18:05,8/11/25 20:32:01,Proceed,Computer Science,1.0,8/11/2025,Cash (On-site),REGISTER,
75,8/11/25 20:41:05,8/11/25 20:41:37,Proceed,Computer Science,1.0,8/11/2025,Cash (On-site),REGISTER,
76,8/11/25 20:42:11,8/11/25 20:46:48,Proceed,Computer Science,1.0,8/11/2025,Cash (On-site),REGISTER ,
77,8/11/25 22:22:08,8/11/25 22:31:20,Proceed,Computer Science,1.0,12/11/2006,Cash (On-site),REGISTER,
78,8/11/25 22:48:40,8/11/25 22:50:48,Proceed,Information Technology,3.0,8/1/2023,Cash (On-site),REGISTER,
79,8/11/25 23:42:59,8/11/25 23:44:08,Proceed,Information Technology,1.0,8/11/2025,GCash (Online),,9031579752874
80,8/12/25 7:07:28,8/12/25 7:08:34,Proceed,Computer Science,1.0,8/12/2025,GCash (Online),,6031 583 194927
81,8/12/25 11:11:18,8/12/25 11:14:22,Proceed,Information Technology,2.0,7/16/2025,Cash (On-site),MemberNako,
82,8/12/25 11:20:39,8/12/25 11:28:05,Proceed,Computer Science,1.0,8/12/2025,Cash (On-site),MemberNako,
83,8/12/25 11:24:50,8/12/25 11:28:24,Proceed,Computer Science,1.0,8/12/2025,Cash (On-site),MemberNako,
84,8/12/25 11:29:53,8/12/25 11:31:49,Proceed,Information Technology,4.0,8/7/2024,Cash (On-site),MemberNako,
85,8/12/25 11:40:50,8/12/25 11:44:09,Proceed,Information Technology,3.0,8/17/2023,Cash (On-site),MemberNako,
86,8/12/25 12:25:20,8/12/25 12:30:18,Proceed,Computer Science,1.0,8/12/2025,Cash (On-site),MemberNako,
87,8/12/25 12:46:15,8/12/25 12:51:00,Proceed,Computer Science,1.0,8/12/2025,Cash (On-site),MemberNako,
88,8/12/25 13:00:28,8/12/25 13:04:21,Proceed,Computer Science,2.0,8/12/2025,Cash (On-site),17-1113-413,
89,8/12/25 13:03:29,8/12/25 13:08:14,Proceed,Computer Science,2.0,8/12/2025,Cash (On-site),MemberNako,
90,8/12/25 13:43:02,8/12/25 13:44:48,Proceed,Information Technology,2.0,8/12/2025,Cash (On-site),MemberNako,
91,8/12/25 13:45:45,8/12/25 13:47:43,Proceed,Information Technology,2.0,8/12/2025,Cash (On-site),MemberNako,
92,8/12/25 13:49:59,8/12/25 13:50:27,Proceed,Information Technology,1.0,8/11/2025,Cash (On-site),MemberNako,
93,8/12/25 14:11:25,8/12/25 14:11:59,Proceed,Computer Science,2.0,8/7/2024,Cash (On-site),17-1113-413,
94,8/12/25 14:13:43,8/12/25 14:15:19,Proceed,Information Technology,2.0,8/12/2025,Cash (On-site),MemberNako,
95,8/12/25 14:19:45,8/12/25 14:23:32,Proceed,Computer Science,2.0,8/12/2025,Cash (On-site),MemberNako,
96,8/12/25 14:18:42,8/12/25 14:30:04,Proceed,Computer Science,1.0,8/12/2025,GCash (Online),,8031 594 986464
97,8/12/25 14:29:22,8/12/25 14:30:57,Proceed,Computer Science,1.0,8/12/2025,Cash (On-site),MemberNako,
98,8/12/25 14:42:31,8/12/25 14:46:31,Proceed,Computer Science,1.0,8/12/2025,Cash (On-site),MemberNako,
99,8/12/25 14:44:58,8/12/25 14:47:19,Proceed,Computer Science,1.0,8/12/2025,Cash (On-site),MemberNako,
100,8/12/25 17:25:48,8/12/25 17:32:58,Proceed,Computer Science,1.0,8/12/2025,GCash (Online),,6031 600 463555
101,8/12/25 21:07:28,8/12/25 21:09:54,Proceed,Computer Science,1.0,8/12/2025,GCash (Online),,5031 607 794557
102,8/12/25 21:19:31,8/12/25 21:28:05,Proceed,Computer Science,1.0,8/12/2025,Cash (On-site),REGISTER,
103,8/12/25 21:25:49,8/12/25 21:42:13,Proceed,Information Technology,3.0,8/12/2025,Cash (On-site),REGISTER,
104,8/12/25 21:35:09,8/12/25 21:43:30,Proceed,Information Technology,3.0,8/12/2025,Cash (On-site),REGISTER,
105,8/12/25 21:49:23,8/12/25 21:53:36,Proceed,Information Technology,2.0,9/1/2024,GCash (Online),,3031609169689
106,8/12/25 21:57:42,8/12/25 23:14:36,Proceed,Computer Science,1.0,8/12/2025,GCash (Online),,4031 610 761024
107,8/13/25 0:16:03,8/13/25 0:20:35,Proceed,Information Technology,2.0,8/5/2024,GCash (Online),,4031611721848
108,8/13/25 8:27:16,8/13/25 8:31:32,Proceed,Computer Science,1.0,8/13/2025,GCash (Online),,9031616295261
109,8/13/25 8:49:31,8/13/25 8:52:36,Proceed,Information Technology,2.0,8/16/2024,GCash (Online),,7031616764784
110,8/13/25 10:46:18,8/13/25 10:48:28,Proceed,Computer Science,2.0,8/24/2023,Cash (On-site),,
111,8/13/25 10:51:47,8/13/25 10:53:48,Proceed,Computer Science,1.0,8/13/2025,Cash (On-site),LastDay,
112,8/13/25 11:20:20,8/13/25 11:23:08,Proceed,Computer Science,1.0,8/13/2025,Cash (On-site),LastDay,
113,8/13/25 11:46:48,8/13/25 11:48:59,Proceed,Information Technology,2.0,8/13/2024,Cash (On-site),LastDay,
114,8/13/25 11:48:18,8/13/25 11:54:53,Proceed,Computer Science,3.0,8/8/2023,GCash (Online),,4031 621 631483
115,8/13/25 11:59:16,8/13/25 12:00:52,Proceed,Information Technology,1.0,8/13/2025,Cash (On-site),LastDay,
116,8/13/25 12:01:11,8/13/25 12:02:29,Proceed,Computer Science,1.0,8/13/2025,Cash (On-site),LastDay,
117,8/13/25 12:02:43,8/13/25 12:04:36,Proceed,Computer Science,1.0,8/13/2025,Cash (On-site),LastDay,
118,8/13/25 12:05:51,8/13/25 12:05:57,Proceed,Computer Science,1.0,8/13/2025,Cash (On-site),LastDay,
119,8/13/25 12:04:44,8/13/25 12:06:20,Proceed,Computer Science,1.0,8/13/2025,Cash (On-site),LastDay,
120,8/13/25 12:06:42,8/13/25 12:07:36,Proceed,Computer Science,1.0,8/13/2025,Cash (On-site),LastDay,
121,8/13/25 12:24:14,8/13/25 12:26:01,Proceed,Information Technology,1.0,8/13/2025,Cash (On-site),LastDay,
122,8/13/25 12:34:01,8/13/25 12:35:55,Proceed,Information Technology,2.0,8/12/2024,Cash (On-site),LastDay,
123,8/13/25 12:42:30,8/13/25 12:43:44,Proceed,Information Technology,1.0,8/13/2025,Cash (On-site),LastDay,
124,8/13/25 12:54:54,8/13/25 12:56:57,Proceed,Information Technology,1.0,8/13/2025,Cash (On-site),LastDay,
125,8/13/25 12:58:18,8/13/25 13:01:53,Proceed,Information Technology,1.0,8/13/2025,Cash (On-site),LastDay,
126,8/13/25 13:30:03,8/13/25 13:34:03,Proceed,Information Technology,1.0,8/13/2025,Cash (On-site),LastDay,
127,8/13/25 13:33:21,8/13/25 13:36:26,Proceed,Information Technology,2.0,9/10/2025,Cash (On-site),LastDay,
128,8/13/25 13:32:33,8/13/25 13:37:06,Proceed,Information Technology,1.0,8/13/2025,Cash (On-site),LastDay,
129,8/13/25 13:35:23,8/13/25 13:38:05,Proceed,Information Technology,1.0,8/13/2025,Cash (On-site),LastDay,
130,8/13/25 13:41:54,8/13/25 13:43:02,Proceed,Information Technology,1.0,8/13/2025,Cash (On-site),LastDay,
131,8/13/25 13:56:22,8/13/25 14:00:48,Proceed,Information Technology,2.0,8/15/2024,Cash (On-site),LastDay,
132,8/13/25 14:35:19,8/13/25 14:35:40,Proceed,Information Technology,1.0,8/11/2025,Cash (On-site),LastDay,
133,8/13/25 14:51:38,8/13/25 14:51:42,Proceed,Information Technology,1.0,8/13/2025,Cash (On-site),LastDay,
134,8/13/25 14:50:11,8/13/25 14:52:47,Proceed,Computer Science,1.0,8/13/2025,Cash (On-site),LastDay,
135,8/13/25 14:50:09,8/13/25 14:54:12,Proceed,Computer Science,1.0,8/13/2025,Cash (On-site),LastDay,
136,8/13/25 14:58:21,8/13/25 14:59:59,Proceed,Information Technology,2.0,8/13/2025,Cash (On-site),LastDay,
137,8/13/25 15:24:34,8/13/25 15:34:56,Proceed,Information Technology,1.0,8/9/2025,GCash (Online),,4031628095952
138,8/13/25 15:35:44,8/13/25 15:38:28,Proceed,Information Technology,3.0,8/13/2025,Cash (On-site),LastDay,
139,8/13/25 15:38:17,8/13/25 15:40:31,Proceed,Information Technology,1.0,8/13/2025,Cash (On-site),LastDay,
140,8/13/25 16:15:09,8/13/25 16:16:54,Proceed,Information Technology,1.0,8/13/2025,Cash (On-site),LastDay,
141,8/13/25 16:54:40,8/13/25 16:54:59,Proceed,Information Technology,1.0,8/13/2025,GCash (Online),,1031630537003
142,8/13/25 18:34:35,8/13/25 18:39:11,Proceed,Information Technology,4.0,8/19/2023,GCash (Online),,6031634203059
143,8/13/25 18:39:20,8/13/25 18:43:38,Proceed,Computer Science,4.0,8/13/2025,GCash (Online),,6031634398082
144,8/13/25 18:43:12,8/13/25 18:47:46,Proceed,Computer Science,3.0,8/14/2024,GCash (Online),,0031 634 532197
145,8/13/25 20:57:42,8/13/25 21:06:15,Proceed,Information Technology,2.0,8/1/2024,GCash (Online),,ITO250813130004004
146,8/13/25 21:22:24,8/13/25 21:29:15,Proceed,Computer Science,4.0,8/16/2024,GCash (Online),,7031 640 082496
147,8/13/25 23:50:16,8/13/25 23:54:50,Proceed,Information Technology,2.0,8/13/2025,GCash (Online),,2031643008918
148,8/14/25 1:20:15,8/14/25 1:23:41,Proceed,Information Technology,3.0,8/14/2025,GCash (Online),,4031 643 890117
149,8/14/25 9:52:02,8/14/25 12:41:57,Proceed,Information Technology,1.0,8/14/2025,GCash (Online),,9031 654 773824
150,8/14/25 13:08:03,8/14/25 13:11:16,Proceed,Computer Science,1.0,8/14/2025,GCash (Online),,9031655741674
151,8/14/25 13:09:26,8/14/25 13:11:21,Proceed,Information Technology,1.0,8/13/2025,GCash (Online),,8031655736636
152,8/14/25 14:57:45,8/14/25 15:03:12,Proceed,Information Technology,1.0,8/14/2025,GCash (Online),,0031658969345
153,8/14/25 15:41:23,8/14/25 15:43:34,Proceed,Computer Science,1.0,8/14/2025,GCash (Online),,7031 660 248243
154,8/14/25 19:25:21,8/14/25 19:27:55,Proceed,Computer Science,4.0,9/4/2023,GCash (Online),,9031668543871
155,8/14/25 19:18:58,8/14/25 19:34:41,Proceed,Computer Science,2.0,8/22/2024,GCash (Online),,3031 668 795969
156,8/14/25 19:54:31,8/14/25 19:58:21,Proceed,Information Technology,3.0,8/15/2025,GCash (Online),,9031 669 672066
157,8/14/25 20:45:47,8/14/25 20:52:27,Proceed,Information Technology,2.0,8/14/2024,GCash (Online),,7031 671 522628
158,8/14/25 19:18:06,8/14/25 21:44:48,Proceed,Information Technology,1.0,8/14/2025,GCash (Online),,2562-6048-1262
159,8/15/25 7:13:35,8/15/25 7:19:24,Proceed,Information Technology,1.0,8/15/2025,GCash (Online),,4031679385308
160,8/25/25 23:20:49,8/25/25 23:21:58,Proceed,Computer Science,1.0,8/13/2025,Cash (On-site),Ronulo,
161,8/30/25 13:45:29,8/30/25 13:46:26,Proceed,,,8/19/2025,Cash (On-site),css,
162,9/7/25 19:48:37,9/7/25 19:55:51,Proceed,Information Technology,2.0,9/7/2025,GCash (Online),,9032418621325
163,9/8/25 22:35:05,9/8/25 22:48:34,Proceed,Information Technology,2.0,9/8/2024,GCash (Online),,4032 454 671603
164,9/14/25 13:53:49,9/14/25 13:57:55,Proceed,Information Technology,1.0,9/14/2025,GCash (Online),,5032 630 964042
165,9/14/25 14:31:16,9/14/25 14:35:41,Proceed,Computer Science,1.0,9/14/2025,GCash (Online),,9032 632 111804
166,9/16/25 9:13:11,9/16/25 9:18:34,Proceed,Information Technology,3.0,9/16/2025,GCash (Online),,7032691815508
167,9/16/25 10:09:19,9/16/25 10:32:46,Proceed,Information Technology,1.0,9/16/2025,GCash (Online),,9032 694 130331
168,9/16/25 15:27:49,9/16/25 15:39:51,Proceed,Information Technology,2.0,9/16/2025,GCash (Online),,3032703912255
169,9/20/25 4:20:17,9/20/25 4:23:27,Proceed,Information Technology,1.0,9/20/2025,GCash (Online),,Ref No. 5032 817 995101
170,9/20/25 21:40:55,9/20/25 21:48:49,Proceed,Information Technology,1.0,9/20/2025,GCash (Online),,2032 846 045641
171,10/1/25 13:09:08,10/1/25 13:11:39,Proceed,Information Technology,1.0,10/1/2025,GCash (Online),,4033 180 645947
172,10/2/25 15:05:27,10/2/25 15:09:33,Proceed,Information Technology,1.0,10/2/2025,GCash (Online),,1033 221 063617
173,10/3/25 23:46:56,10/3/25 23:48:48,Proceed,Computer Science,1.0,10/3/2025,GCash (Online),,8033271978092
